Species,Threshold_Method,AUC-ROC,Precision,Recall,F1-Score,Specificity
Bufo bufo,Binary_F1,0.8519720473377902,0.9273743016759777,0.7649769585253456,0.8383838383838383,0.9389671361502347
Bufo bufo,Binary_Youden,0.8519720473377902,0.9273743016759777,0.7649769585253456,0.8383838383838383,0.9389671361502347
Bufo bufo,Binary_0.5,0.8519720473377902,0.9273743016759777,0.7649769585253456,0.8383838383838383,0.9389671361502347
Rana temporaria,Binary_F1,0.8756222943722943,0.8990536277602523,0.8482142857142857,0.8728943338437979,0.9030303030303031
Rana temporaria,Binary_Youden,0.8791666666666665,0.9602888086642599,0.7916666666666666,0.867862969004894,0.9666666666666667
Rana temporaria,Binary_0.5,0.874323593073593,0.9172185430463576,0.8244047619047619,0.8683385579937304,0.9242424242424242
Lissotriton helveticus,Binary_F1,0.8300137362637363,0.9042553191489362,0.7589285714285714,0.8252427184466019,0.9010989010989011
Lissotriton helveticus,Binary_Youden,0.8406593406593408,0.963855421686747,0.7142857142857143,0.8205128205128205,0.967032967032967
Lissotriton helveticus,Binary_0.5,0.8255494505494505,0.9032258064516129,0.75,0.8195121951219512,0.9010989010989011
