Species,AUC-ROC,Precision,Recall,F1-Score,Specificity,Accuracy
Bufo bufo,0.8519720473377902,0.9273743016759777,0.7649769585253456,0.8383838383838383,0.9389671361502347,0.8511627906976744
Rana temporaria,0.874323593073593,0.9172185430463576,0.8244047619047619,0.8683385579937304,0.9242424242424242,0.8738738738738738
Lissotriton helveticus,0.8255494505494505,0.9032258064516129,0.75,0.8195121951219512,0.9010989010989011,0.8177339901477833
